Customer_id,Frequency,Total_Transaksi,Last_Order_Date,Recency,Avg_Transaction
1003340,1,300000,2025-05-04 15:54:42,58,300000
1004671,1,300000,2025-04-08 20:48:04,83,300000
1012406,1,50000,2025-01-05 05:25:28,177,50000
1020517,3,150000,2025-01-19 19:22:08,163,50000
102567,1,150000,2025-01-23 20:23:42,158,150000
1039906,1,50000,2025-04-09 19:28:05,83,50000
1051822,1,50000,2025-01-19 16:01:34,163,50000
1053751,1,50000,2025-01-31 05:55:44,151,50000
1056804,1,300000,2025-01-07 09:12:45,175,300000
1058669,3,900000,2025-02-07 15:28:01,144,300000
1061704,1,100000,2025-01-16 17:03:02,166,100000
106272,1,40000,2025-04-03 15:49:51,89,40000
106579,4,200000,2025-01-05 16:52:21,177,50000
1078810,1,50000,2025-03-10 16:52:38,113,50000
1081308,1,50000,2025-03-03 21:20:38,119,50000
1083319,1,300000,2025-03-10 12:55:08,113,300000
1088913,1,50000,2025-03-03 09:24:35,120,50000
1090912,10,695000,2025-01-12 11:51:12,170,69500
1096432,1,300000,2025-06-24 12:01:46,7,300000
11001,2,100000,2025-03-19 12:40:06,104,50000
1100750,2,320000,2025-03-14 08:47:12,109,160000
1104725,1,50000,2025-05-13 07:35:34,49,50000
1106807,1,300000,2025-03-12 16:44:25,111,300000
1106960,1,300000,2025-03-20 06:09:12,103,300000
1112517,1,300000,2025-02-19 02:01:45,132,300000
1127886,1,125000,2025-01-28 15:51:21,154,125000
1130869,1,40000,2025-04-06 21:57:04,85,40000
1134813,3,900000,2025-03-13 12:09:54,110,300000
1136870,2,100000,2025-02-09 15:49:26,142,50000
1138567,1,100000,2025-03-06 15:10:18,117,100000
11445,5,250000,2025-05-23 09:51:11,39,50000
1160667,1,50000,2025-07-01 19:57:46,0,50000
1165294,2,600000,2025-01-26 17:08:24,156,300000
1167007,1,300000,2025-01-13 05:07:49,169,300000
1179232,1,50000,2025-05-25 18:40:49,37,50000
1181255,1,270000,2025-03-18 09:46:28,105,270000
1181917,1,300000,2025-01-08 22:16:53,173,300000
1185038,1,300000,2025-03-04 07:15:43,119,300000
1185063,1,300000,2025-05-01 19:46:05,61,300000
1188461,4,427000,2025-02-10 08:42:12,141,106750
1190517,1,300000,2025-03-01 04:14:34,122,300000
1191825,2,350000,2025-03-04 09:47:56,119,175000
119566,1,50000,2025-02-24 18:48:47,127,50000
1200428,1,50000,2025-05-05 04:14:29,57,50000
1201814,1,50000,2025-02-02 02:57:26,149,50000
120584,1,50000,2025-02-15 19:11:40,136,50000
121091,1,240000,2025-04-05 10:35:59,87,240000
1215582,2,519000,2025-01-08 10:05:35,174,259500
1217120,1,125000,2025-01-30 16:14:52,152,125000
1217682,6,300000,2025-01-16 17:52:42,166,50000
1225108,1,50000,2025-02-11 17:00:15,140,50000
1226766,1,270000,2025-02-17 11:07:49,134,270000
1227829,2,250000,2025-02-03 06:55:38,148,125000
1232371,8,400000,2025-05-17 13:02:03,45,50000
1238362,1,300000,2025-02-07 05:20:28,144,300000
1241409,1,255000,2025-02-27 12:52:02,124,255000
1258141,1,50000,2025-02-01 18:37:03,150,50000
1259429,1,50000,2025-02-06 08:54:38,145,50000
1259796,1,300000,2025-01-14 04:42:28,168,300000
1260581,1,125000,2025-02-01 09:13:38,150,125000
1262781,1,255000,2025-03-01 14:02:54,122,255000
1266284,1,270000,2025-03-20 13:37:57,103,270000
1276351,2,600000,2025-02-07 09:35:10,144,300000
1277957,1,240000,2025-04-06 09:03:15,86,240000
1282135,1,75000,2025-06-24 19:50:09,7,75000
1286055,1,200000,2025-03-17 23:58:05,105,200000
1288589,10,2190800,2025-03-16 06:59:48,107,219080
1290964,1,300000,2025-01-05 18:28:22,177,300000
1291577,1,125000,2025-02-01 15:49:00,150,125000
1295987,1,50000,2025-03-02 13:33:10,121,50000
1303672,1,50000,2025-01-27 19:23:04,155,50000
1310033,1,50000,2025-01-11 14:04:52,171,50000
1314224,1,50000,2025-03-01 05:21:47,122,50000
1316816,2,200000,2025-02-02 12:24:52,149,100000
1317111,1,50000,2025-03-24 04:15:05,99,50000
1317611,2,100000,2025-04-28 05:47:19,64,50000
1320914,1,300000,2025-02-20 21:20:23,130,300000
1321151,1,240000,2025-04-06 19:47:56,86,240000
1321230,1,50000,2025-02-13 20:16:31,137,50000
1322417,1,50000,2025-05-07 17:21:51,55,50000
1322441,1,50000,2025-01-17 10:38:35,165,50000
1322709,3,150000,2025-05-28 18:54:03,34,50000
1323329,1,300000,2025-03-01 05:55:33,122,300000
1323603,1,300000,2025-03-04 22:46:03,118,300000
1324257,2,350000,2025-04-04 07:40:54,88,175000
1324897,1,50000,2025-03-28 04:23:41,95,50000
1326080,3,299800,2025-02-01 19:01:01,150,99933
1328,1,50000,2025-06-07 05:28:10,24,50000
1329031,1,255000,2025-01-31 16:53:41,151,255000
1329465,1,50000,2025-05-04 14:36:20,58,50000
1330308,5,545400,2025-03-17 08:06:24,106,109080
1332116,2,100000,2025-01-09 14:32:22,173,50000
133248,1,249000,2025-01-01 10:25:27,181,249000
1334235,2,100000,2025-06-11 08:55:38,20,50000
1337061,1,100000,2025-01-31 11:18:08,151,100000
1340247,1,50000,2025-01-28 04:55:01,154,50000
1340468,1,300000,2025-02-17 05:26:58,134,300000
1341571,1,50000,2025-02-27 02:13:40,124,50000
1343798,1,50000,2025-03-18 11:23:55,105,50000
1344051,1,50000,2025-01-08 05:20:31,174,50000
134414,1,50000,2025-01-31 05:57:11,151,50000
134434,1,100000,2025-03-06 09:30:50,117,100000
1344774,3,900000,2025-03-07 17:31:25,116,300000
1345464,1,45000,2025-03-28 07:59:19,95,45000
1345756,1,50000,2025-03-24 14:55:36,99,50000
1348699,1,50000,2025-03-30 17:21:35,93,50000
1348756,1,150000,2025-01-23 17:19:53,159,150000
1354483,1,300000,2025-02-03 23:30:38,147,300000
1356313,1,50000,2025-05-20 14:58:26,42,50000
1356645,1,300000,2025-03-29 03:38:42,94,300000
1356672,1,100000,2025-01-16 15:56:46,166,100000
1367348,1,50000,2025-01-07 17:33:20,175,50000
1367828,1,50000,2025-03-01 13:52:26,122,50000
1368763,1,250000,2025-02-04 19:47:29,147,250000
1369257,1,50000,2025-02-28 21:14:13,122,50000
1370729,1,50000,2025-03-06 14:25:34,117,50000
1370761,1,50000,2025-03-02 19:23:49,121,50000
1370783,1,300000,2025-02-11 09:20:24,140,300000
1372070,1,300000,2025-03-15 07:44:21,108,300000
1372573,2,100000,2025-04-18 12:02:15,74,50000
1372889,1,100000,2025-01-18 21:11:46,163,100000
1373598,1,300000,2025-05-29 17:26:37,33,300000
1373894,1,300000,2025-03-14 14:18:42,109,300000
1375392,1,50000,2025-01-02 06:09:23,180,50000
1377416,3,150000,2025-02-09 11:06:38,142,50000
1377612,1,50000,2025-06-02 04:45:47,29,50000
1378688,2,290000,2025-05-05 13:53:39,57,145000
1379434,1,50000,2025-01-12 22:53:39,169,50000
1379872,1,300000,2025-03-21 14:40:19,102,300000
1380941,1,50000,2025-03-14 12:34:59,109,50000
1383254,1,50000,2025-05-10 21:23:14,51,50000
1383702,1,50000,2025-05-31 18:18:26,31,50000
1384332,1,255000,2025-02-27 21:41:23,123,255000
1385958,1,249000,2025-01-02 14:30:54,180,249000
1387513,1,270000,2025-02-12 11:34:30,139,270000
1387873,1,50000,2025-03-17 23:59:10,105,50000
1388612,1,50000,2025-06-24 16:25:09,7,50000
1389513,1,300000,2025-01-19 05:52:14,163,300000
1389699,1,50000,2025-04-21 09:08:28,71,50000
1389775,4,892000,2025-02-10 19:36:40,141,223000
1390452,1,50000,2025-01-20 13:10:31,162,50000
1391121,1,50000,2025-02-25 15:23:43,126,50000
1392503,2,100000,2025-03-08 13:29:56,115,50000
1392798,1,50000,2025-03-30 12:54:29,93,50000
1393248,2,395000,2025-01-29 07:23:38,153,197500
1393835,1,50000,2025-03-06 04:39:38,117,50000
1394159,1,300000,2025-04-16 20:19:28,75,300000
1394413,4,195000,2025-02-24 08:50:56,127,48750
1395988,1,50000,2025-02-16 19:46:18,135,50000
1398160,1,100000,2025-05-06 16:43:07,56,100000
1400961,1,50000,2025-02-28 05:53:07,123,50000
1403441,1,50000,2025-03-23 04:32:36,100,50000
1404875,2,600000,2025-01-05 15:46:34,177,300000
1406974,1,50000,2025-02-06 19:18:47,145,50000
1407611,4,200000,2025-02-03 21:01:36,147,50000
1410204,1,270000,2025-01-22 15:28:21,160,270000
1411484,2,570000,2025-01-09 12:21:59,173,285000
1412768,4,200000,2025-02-24 17:17:00,127,50000
1414982,1,50000,2025-02-06 18:36:49,145,50000
1415250,1,50000,2025-03-14 20:27:04,108,50000
1415612,2,100000,2025-02-04 20:05:48,146,50000
1415640,2,600000,2025-02-22 18:47:19,129,300000
1415891,1,50000,2025-02-08 19:02:26,143,50000
1417184,1,50000,2025-02-25 23:33:13,125,50000
1417314,1,300000,2025-04-02 07:06:28,90,300000
1417845,2,250000,2025-01-30 08:55:31,152,125000
1417996,1,50000,2025-04-09 11:52:31,83,50000
1418013,2,100000,2025-04-01 20:04:37,90,50000
1418372,1,50000,2025-05-23 17:53:15,39,50000
1418535,1,50000,2025-01-04 06:17:28,178,50000
1418619,1,50000,2025-01-07 19:20:53,175,50000
1419495,1,300000,2025-06-04 07:41:03,27,300000
1420215,1,300000,2025-01-22 05:40:43,160,300000
1420453,1,50000,2025-01-08 13:09:06,174,50000
1420865,2,100000,2025-04-29 15:31:05,63,50000
1421040,1,150000,2025-02-18 08:40:27,133,150000
1422723,2,100000,2025-03-29 22:39:44,93,50000
1423876,1,50000,2025-03-02 19:51:23,121,50000
1424885,1,125000,2025-01-28 15:06:08,154,125000
14250,1,300000,2025-02-22 16:31:53,129,300000
1426253,1,250000,2025-03-01 03:38:15,122,250000
1426959,1,50000,2025-03-09 13:57:58,114,50000
1427440,1,50000,2025-03-01 21:13:28,121,50000
1429167,1,50000,2025-05-07 13:50:45,55,50000
1429921,2,250000,2025-06-26 11:41:41,5,125000
1430161,1,50000,2025-03-02 08:53:35,121,50000
14306,1,50000,2025-03-06 06:09:45,117,50000
1431056,2,350000,2025-03-14 12:45:56,109,175000
1431901,1,50000,2025-03-18 13:13:17,105,50000
1432217,1,50000,2025-04-22 17:50:47,70,50000
1432686,1,50000,2025-03-02 05:16:31,121,50000
1434019,1,100000,2025-03-06 15:17:53,117,100000
1434070,1,300000,2025-05-14 16:54:05,48,300000
1434524,1,50000,2025-01-24 09:29:31,158,50000
1434545,1,50000,2025-01-11 21:03:36,170,50000
1435269,1,159000,2025-01-16 11:04:02,166,159000
1435434,1,50000,2025-01-02 18:12:06,180,50000
1436148,1,255000,2025-02-09 23:07:31,141,255000
1437230,1,50000,2025-02-02 21:07:27,148,50000
1438562,1,50000,2025-03-07 20:52:19,115,50000
1438664,1,50000,2025-01-08 19:20:56,174,50000
1438775,1,50000,2025-04-02 12:24:06,90,50000
1438788,1,300000,2025-03-16 20:05:53,106,300000
1439112,2,100000,2025-04-01 10:14:35,91,50000
1439260,1,50000,2025-03-18 15:20:52,105,50000
1440025,1,50000,2025-06-26 11:42:06,5,50000
1440429,1,50000,2025-04-19 09:38:03,73,50000
1440488,1,300000,2025-03-22 15:27:47,101,300000
1440562,1,50000,2025-04-13 09:27:06,79,50000
1440740,1,50000,2025-03-20 00:26:43,103,50000
1440851,1,50000,2025-02-28 22:27:16,122,50000
1443016,2,600000,2025-05-28 04:20:41,34,300000
1443968,1,50000,2025-03-14 11:41:08,109,50000
1444355,2,350000,2025-02-23 05:44:27,128,175000
1444569,2,540000,2025-04-15 09:07:06,77,270000
1444631,2,540000,2025-01-23 13:28:08,159,270000
1445160,1,50000,2025-04-17 22:05:17,74,50000
1447001,1,50000,2025-04-13 20:27:29,78,50000
1447958,2,600000,2025-02-04 09:16:59,147,300000
1448629,1,50000,2025-05-07 08:37:37,55,50000
1448856,2,600000,2025-01-02 14:05:32,180,300000
1448980,2,200000,2025-01-13 09:00:28,169,100000
1449384,1,300000,2025-01-06 18:12:26,176,300000
1450450,2,100000,2025-05-13 17:33:02,49,50000
1451297,1,300000,2025-04-11 01:53:50,81,300000
1451771,1,240000,2025-04-02 11:19:47,90,240000
1451958,1,270000,2025-02-14 08:21:34,137,270000
1452067,1,300000,2025-04-22 04:54:01,70,300000
1452093,3,550000,2025-01-28 16:40:03,154,183333
1452579,1,50000,2025-01-27 04:17:35,155,50000
1453843,1,300000,2025-01-04 11:53:08,178,300000
1455898,1,300000,2025-02-25 17:42:56,126,300000
1456548,1,300000,2025-01-27 00:57:13,155,300000
1456612,1,270000,2025-04-23 15:35:18,69,270000
1456867,1,50000,2025-02-23 19:40:50,128,50000
1458342,1,50000,2025-02-11 18:54:43,140,50000
1459104,2,100000,2025-01-27 07:52:37,155,50000
1459170,2,350000,2025-01-09 18:39:17,173,175000
1459824,1,250000,2025-02-03 21:13:30,147,250000
1460167,1,249000,2025-01-01 09:49:21,181,249000
1461194,1,50000,2025-01-19 08:41:36,163,50000
1461570,1,50000,2025-01-01 10:52:12,181,50000
1461880,2,100000,2025-03-04 06:38:54,119,50000
1461897,2,100000,2025-02-05 17:02:02,146,50000
1463094,1,50000,2025-01-01 22:48:03,180,50000
1463992,2,90000,2025-03-19 10:18:36,104,45000
1464295,1,300000,2025-01-17 13:49:52,165,300000
1465080,2,519000,2025-01-02 10:46:15,180,259500
1465096,1,300000,2025-02-01 09:18:26,150,300000
1466721,5,250000,2025-01-24 05:51:45,158,50000
1467206,1,300000,2025-01-08 18:25:57,174,300000
1467873,3,839800,2025-03-12 09:52:30,111,279933
1468437,1,150000,2025-02-24 08:34:14,127,150000
1468886,1,249000,2025-01-03 13:18:50,179,249000
1469539,1,50000,2025-02-02 05:27:12,149,50000
1469554,1,270000,2025-05-08 10:41:46,54,270000
147,10,3000000,2025-04-01 07:20:12,91,300000
1470296,1,300000,2025-01-01 10:23:14,181,300000
1470311,2,100000,2025-06-14 06:34:45,17,50000
1470519,1,300000,2025-04-14 07:07:26,78,300000
1470521,1,50000,2025-01-01 14:37:46,181,50000
1470619,1,50000,2025-04-29 06:46:11,63,50000
1470674,1,50000,2025-02-10 07:05:40,141,50000
1470914,1,50000,2025-03-03 12:18:48,120,50000
1471221,3,150000,2025-01-01 11:53:44,181,50000
1471333,1,50000,2025-01-04 20:33:09,177,50000
1471402,1,300000,2025-06-23 14:50:59,8,300000
1471607,1,50000,2025-01-04 18:14:43,178,50000
1471619,1,50000,2025-03-25 10:20:49,98,50000
1471898,1,300000,2025-01-13 15:01:04,169,300000
1472189,1,50000,2025-01-04 17:56:08,178,50000
1472705,1,300000,2025-02-13 20:11:17,137,300000
1472782,3,150000,2025-01-04 07:19:35,178,50000
1473423,1,50000,2025-01-07 18:31:57,175,50000
1473525,3,150000,2025-01-05 18:50:20,177,50000
1473667,1,100000,2025-01-01 20:32:39,180,100000
1473740,1,300000,2025-01-01 05:10:42,181,300000
1473863,1,300000,2025-03-27 16:17:57,96,300000
1474010,1,50000,2025-01-01 10:10:08,181,50000
1474121,1,249000,2025-01-03 09:33:02,179,249000
1474162,1,50000,2025-01-10 13:15:54,172,50000
1474399,1,50000,2025-01-09 16:50:32,173,50000
1474575,2,600000,2025-01-16 19:26:52,166,300000
1474653,1,50000,2025-01-01 05:49:35,181,50000
1474724,1,300000,2025-01-01 08:19:28,181,300000
1474765,1,109000,2025-01-14 11:28:07,168,109000
1474769,1,300000,2025-01-11 18:51:21,171,300000
1474897,1,50000,2025-01-01 11:11:41,181,50000
1474904,1,300000,2025-01-01 11:07:03,181,300000
1474924,1,175000,2025-03-19 09:54:46,104,175000
1475037,2,100000,2025-01-02 09:29:50,180,50000
1475057,1,300000,2025-01-11 19:56:10,171,300000
1475120,3,150000,2025-02-05 19:34:52,146,50000
1475124,1,300000,2025-01-01 13:50:28,181,300000
1475200,1,300000,2025-01-02 10:48:32,180,300000
1475240,1,50000,2025-01-01 17:58:07,181,50000
1475311,1,249000,2025-01-02 15:07:17,180,249000
1475379,1,50000,2025-01-01 18:44:01,181,50000
1475648,1,100000,2025-01-02 09:52:56,180,100000
1475651,1,249000,2025-01-02 09:55:58,180,249000
1475769,1,50000,2025-01-02 16:10:05,180,50000
1475780,1,50000,2025-01-02 16:39:09,180,50000
1475818,1,50000,2025-01-02 21:48:30,179,50000
1475835,1,50000,2025-01-03 10:29:08,179,50000
1475921,1,50000,2025-01-02 21:18:20,179,50000
1475948,2,300000,2025-01-04 16:23:30,178,150000
1475991,1,50000,2025-01-13 09:25:16,169,50000
1476009,1,300000,2025-01-14 21:10:10,167,300000
1476038,7,350000,2025-01-03 15:20:37,179,50000
147607,2,299000,2025-01-02 09:23:41,180,149500
1476102,1,300000,2025-01-03 14:32:44,179,300000
1476104,1,300000,2025-01-03 13:35:16,179,300000
1476109,12,1100000,2025-01-03 14:46:07,179,91667
1476165,1,50000,2025-01-03 17:25:17,179,50000
1476166,1,300000,2025-01-03 17:25:48,179,300000
1476183,1,300000,2025-03-26 21:42:58,96,300000
1476277,2,600000,2025-02-06 13:57:46,145,300000
1476360,1,300000,2025-01-04 09:07:32,178,300000
1476481,1,300000,2025-01-06 09:40:53,176,300000
1476521,2,254400,2025-03-02 16:28:30,121,127200
1476821,1,300000,2025-01-06 17:04:11,176,300000
1476871,1,50000,2025-01-06 15:19:11,176,50000
1476959,1,50000,2025-01-06 19:51:45,176,50000
1477001,1,50000,2025-01-07 00:22:26,175,50000
1477260,1,50000,2025-01-08 08:05:53,174,50000
1477263,1,50000,2025-01-08 14:17:04,174,50000
1477323,1,150000,2025-02-18 16:52:47,133,150000
1477382,1,270000,2025-01-16 16:43:06,166,270000
1477416,3,150000,2025-01-17 14:11:16,165,50000
1477470,3,700000,2025-01-14 18:50:37,168,233333
1477828,1,50000,2025-01-09 19:02:35,173,50000
1477858,1,50000,2025-01-09 18:54:09,173,50000
1477895,1,125000,2025-01-30 19:39:44,152,125000
1477958,1,50000,2025-01-09 23:31:08,172,50000
1478131,1,300000,2025-01-10 00:26:41,172,300000
1478238,1,150000,2025-01-10 13:45:01,172,150000
1478307,1,50000,2025-01-10 01:41:00,172,50000
1478349,1,300000,2025-01-10 04:53:00,172,300000
1478385,1,300000,2025-01-23 19:47:28,159,300000
1478519,2,100000,2025-01-26 13:10:20,156,50000
1478644,1,300000,2025-01-10 18:09:50,172,300000
1478896,1,50000,2025-03-12 03:21:07,111,50000
1478942,1,50000,2025-01-29 12:46:04,153,50000
1479003,1,300000,2025-01-11 18:50:24,171,300000
1479014,1,50000,2025-01-11 06:28:01,171,50000
1479059,1,50000,2025-01-11 07:50:18,171,50000
1479078,1,300000,2025-01-11 08:31:39,171,300000
1479161,1,300000,2025-01-11 10:32:24,171,300000
1479266,1,300000,2025-01-12 14:02:06,170,300000
1479272,1,50000,2025-01-11 12:02:26,171,50000
1479292,1,50000,2025-01-11 12:07:23,171,50000
1479359,2,600000,2025-01-11 12:59:22,171,300000
1479517,1,300000,2025-01-13 13:02:51,169,300000
1479556,1,50000,2025-01-19 18:56:16,163,50000
1479789,1,50000,2025-01-11 15:16:24,171,50000
1480070,1,50000,2025-01-11 19:11:08,171,50000
1480121,1,300000,2025-01-13 03:51:25,169,300000
1480249,3,150000,2025-01-12 01:04:14,170,50000
1480326,1,50000,2025-01-12 02:13:47,170,50000
1480480,3,150000,2025-06-20 09:38:47,11,50000
1480589,1,50000,2025-01-12 05:59:12,170,50000
1480596,1,50000,2025-01-12 06:17:57,170,50000
1480642,1,50000,2025-06-05 18:46:20,26,50000
1480670,1,50000,2025-02-07 16:32:08,144,50000
1480796,1,50000,2025-02-16 07:38:33,135,50000
1480834,1,50000,2025-01-12 07:45:43,170,50000
1481164,1,50000,2025-01-12 12:01:55,170,50000
1481169,1,50000,2025-01-23 18:34:36,159,50000
1481275,1,50000,2025-01-12 13:47:42,170,50000
1481403,2,200000,2025-01-14 16:28:39,168,100000
1481423,1,125000,2025-01-30 08:02:22,152,125000
1481424,1,300000,2025-01-12 17:03:21,170,300000
1481826,2,100000,2025-05-09 19:49:42,53,50000
1481841,1,300000,2025-01-13 06:36:43,169,300000
1482023,4,200000,2025-02-16 18:49:31,135,50000
1482054,1,300000,2025-01-13 06:36:26,169,300000
1482081,1,50000,2025-01-24 11:48:28,158,50000
1482088,1,50000,2025-06-11 18:42:00,20,50000
1482096,1,50000,2025-01-15 06:20:11,167,50000
1482170,1,50000,2025-01-13 07:51:00,169,50000
1482208,1,50000,2025-02-04 15:59:44,147,50000
1482644,1,250000,2025-01-13 14:07:17,169,250000
1482663,1,50000,2025-01-13 14:10:23,169,50000
1482729,1,50000,2025-01-13 15:06:15,169,50000
1482746,1,50000,2025-01-18 15:39:46,164,50000
1482878,1,100000,2025-01-16 13:19:37,166,100000
1482934,1,150000,2025-01-15 09:02:04,167,150000
1482975,1,50000,2025-01-17 19:39:42,165,50000
1482977,1,300000,2025-01-13 17:15:16,169,300000
1483102,1,50000,2025-03-09 09:28:43,114,50000
1483111,1,50000,2025-01-13 18:26:00,169,50000
1483195,1,50000,2025-01-18 23:17:09,163,50000
1483222,1,300000,2025-01-13 19:02:54,169,300000
1483239,1,200000,2025-04-30 13:19:53,62,200000
1483249,1,300000,2025-01-13 19:42:40,169,300000
1483275,7,350000,2025-02-16 19:36:56,135,50000
1483299,1,50000,2025-01-14 05:54:54,168,50000
1483639,1,50000,2025-02-05 10:18:41,146,50000
1483667,1,50000,2025-01-14 06:45:04,168,50000
1483817,1,50000,2025-04-17 19:36:33,75,50000
1483855,2,600000,2025-01-15 11:26:07,167,300000
1483890,1,50000,2025-01-31 12:56:10,151,50000
1483900,1,300000,2025-02-02 19:07:15,149,300000
1484013,1,50000,2025-03-14 08:45:45,109,50000
1484040,2,100000,2025-01-14 12:26:39,168,50000
1484164,1,300000,2025-01-14 14:01:55,168,300000
1484238,1,50000,2025-05-09 20:47:12,52,50000
1484279,2,350000,2025-01-16 14:53:48,166,175000
1484342,1,255000,2025-02-01 00:15:07,150,255000
1484535,1,50000,2025-01-14 18:59:15,168,50000
1484601,1,300000,2025-01-14 20:00:28,167,300000
1484616,1,300000,2025-01-14 20:14:46,167,300000
1484799,2,250000,2025-01-20 11:36:50,162,125000
1484828,2,600000,2025-01-15 05:01:14,167,300000
1484933,1,50000,2025-01-25 20:49:01,156,50000
1485476,1,50000,2025-02-20 14:26:10,131,50000
1485494,1,125000,2025-02-01 07:37:11,150,125000
1485763,1,300000,2025-01-15 19:46:02,167,300000
1485805,1,50000,2025-01-22 00:52:23,160,50000
1485843,3,1044400,2025-03-01 14:59:01,122,348133
1486019,2,100000,2025-01-27 11:48:47,155,50000
1486026,1,300000,2025-01-17 18:10:58,165,300000
1486171,1,50000,2025-01-16 11:08:33,166,50000
1486282,1,300000,2025-01-16 12:18:01,166,300000
1486324,1,300000,2025-01-16 12:55:32,166,300000
1486369,1,50000,2025-01-19 13:33:51,163,50000
1486423,1,50000,2025-01-16 13:48:10,166,50000
1486437,2,100000,2025-01-16 14:09:28,166,50000
1486439,1,50000,2025-01-16 13:49:46,166,50000
1486456,1,300000,2025-01-16 13:43:12,166,300000
1486533,1,300000,2025-01-16 14:19:09,166,300000
1486628,1,300000,2025-01-16 15:10:36,166,300000
1486643,1,50000,2025-01-16 16:37:24,166,50000
1486695,1,300000,2025-01-16 16:31:17,166,300000
1486904,2,600000,2025-01-19 06:33:58,163,300000
1487029,1,50000,2025-02-01 19:12:39,150,50000
1487394,1,50000,2025-01-17 11:09:30,165,50000
1487503,1,50000,2025-01-29 12:27:32,153,50000
1487539,1,25000,2025-06-26 09:12:08,5,25000
1487563,1,300000,2025-01-17 13:29:29,165,300000
1487582,1,50000,2025-01-19 06:07:56,163,50000
1487831,2,350000,2025-01-17 19:22:15,165,175000
1487878,1,300000,2025-01-17 17:22:27,165,300000
1487993,1,300000,2025-01-18 08:36:36,164,300000
1488212,4,800000,2025-01-17 21:49:08,164,200000
1488504,2,95000,2025-02-24 09:37:51,127,47500
1488664,1,50000,2025-01-18 18:13:08,164,50000
1488696,2,150000,2025-01-21 13:04:04,161,75000
1488745,1,300000,2025-01-18 11:09:02,164,300000
1488760,1,300000,2025-02-25 16:41:14,126,300000
1489006,1,300000,2025-01-19 17:08:07,163,300000
1489294,1,50000,2025-01-20 14:48:05,162,50000
1489298,1,300000,2025-01-18 19:50:40,164,300000
1489402,1,50000,2025-01-19 09:58:58,163,50000
1489552,2,200000,2025-01-27 16:00:23,155,100000
1489587,1,50000,2025-01-19 06:35:22,163,50000
1489737,1,300000,2025-01-19 10:58:20,163,300000
1489743,3,900000,2025-01-22 06:13:07,160,300000
1489826,1,300000,2025-01-19 10:20:43,163,300000
1489998,3,150000,2025-01-19 13:01:52,163,50000
1490298,2,350000,2025-01-19 17:51:09,163,175000
1490343,1,300000,2025-01-19 18:18:24,163,300000
1490473,1,50000,2025-01-19 19:59:36,162,50000
1490643,1,50000,2025-01-20 02:10:04,162,50000
1490645,1,50000,2025-01-20 15:02:01,162,50000
1490646,1,150000,2025-01-21 13:14:40,161,150000
1491021,1,300000,2025-01-20 10:26:55,162,300000
1491147,1,150000,2025-01-21 09:15:18,161,150000
1491237,1,300000,2025-01-22 20:08:06,159,300000
1491247,1,300000,2025-01-20 14:17:26,162,300000
1491378,1,255000,2025-01-28 11:17:53,154,255000
1491535,1,50000,2025-01-20 20:55:12,161,50000
1491552,1,50000,2025-03-16 11:30:08,107,50000
1491735,4,525000,2025-01-27 12:25:59,155,131250
1491740,4,800000,2025-01-29 21:21:09,152,200000
1491863,1,150000,2025-01-21 13:59:00,161,150000
1492069,1,150000,2025-01-23 08:56:13,159,150000
1492171,1,300000,2025-01-21 11:20:28,161,300000
1492180,2,350000,2025-01-21 11:43:46,161,175000
1492186,1,300000,2025-01-21 13:46:30,161,300000
1492277,1,150000,2025-01-21 13:29:40,161,150000
1492335,1,300000,2025-01-21 14:16:28,161,300000
1492345,1,300000,2025-01-21 14:33:20,161,300000
1492467,1,50000,2025-01-24 09:42:38,158,50000
1492516,1,50000,2025-01-21 17:44:43,161,50000
1492771,1,300000,2025-01-21 22:08:49,160,300000
1492889,1,50000,2025-01-24 05:29:14,158,50000
1492899,2,100000,2025-02-24 05:59:21,127,50000
1492928,1,50000,2025-01-24 06:02:15,158,50000
1492982,1,300000,2025-01-22 07:02:58,160,300000
1493047,1,50000,2025-01-22 08:16:27,160,50000
1493055,1,150000,2025-01-22 08:55:38,160,150000
1493094,2,200000,2025-01-24 13:34:58,158,100000
1493198,2,150000,2025-01-22 16:20:05,160,75000
1493205,1,270000,2025-01-22 11:11:07,160,270000
1493281,1,300000,2025-01-22 12:00:06,160,300000
1493324,4,650000,2025-03-17 18:20:58,106,162500
1493345,1,50000,2025-01-22 12:51:12,160,50000
1493393,3,800000,2025-01-23 14:42:26,159,266667
1493403,1,300000,2025-04-27 11:51:40,65,300000
1493457,1,50000,2025-01-22 16:25:22,160,50000
1493467,1,300000,2025-01-22 14:31:10,160,300000
1493645,1,300000,2025-01-22 17:40:05,160,300000
1493673,1,300000,2025-01-27 18:22:03,155,300000
1493750,1,50000,2025-01-22 19:35:49,160,50000
1493827,1,250000,2025-01-22 21:01:41,159,250000
1493944,1,50000,2025-01-24 11:58:38,158,50000
1494173,1,50000,2025-06-29 10:28:33,2,50000
1494339,1,300000,2025-01-23 12:35:14,159,300000
1494351,1,50000,2025-01-23 12:39:54,159,50000
1494376,1,50000,2025-02-01 05:05:20,150,50000
1494426,1,50000,2025-01-23 22:48:43,158,50000
1494502,1,50000,2025-01-23 14:20:33,159,50000
1494526,1,50000,2025-01-23 18:45:37,159,50000
1494527,1,300000,2025-01-31 12:04:17,151,300000
1494729,1,300000,2025-03-13 19:50:48,110,300000
1494736,1,150000,2025-01-26 15:01:48,156,150000
1494774,1,300000,2025-01-23 17:46:38,159,300000
1494917,1,50000,2025-01-23 21:20:02,158,50000
1494933,2,949000,2025-03-12 20:06:28,110,474500
1495518,1,270000,2025-01-24 13:35:50,158,270000
1495536,1,300000,2025-01-24 13:34:01,158,300000
1495553,1,300000,2025-01-24 13:48:10,158,300000
1495661,1,50000,2025-01-30 05:06:39,152,50000
1495666,1,300000,2025-01-24 15:23:00,158,300000
1495698,1,300000,2025-01-24 15:50:01,158,300000
1496050,1,50000,2025-01-25 00:13:39,157,50000
1496133,2,90000,2025-04-03 11:21:30,89,45000
1496134,1,50000,2025-03-04 06:01:33,119,50000
1496238,1,300000,2025-02-06 13:37:00,145,300000
1496239,1,50000,2025-01-26 12:29:53,156,50000
1496263,1,300000,2025-01-29 19:01:13,153,300000
1496265,5,1500000,2025-02-04 12:10:05,147,300000
1496287,1,300000,2025-01-25 16:29:30,157,300000
1496289,1,300000,2025-01-25 18:09:10,157,300000
1496441,1,300000,2025-01-25 09:53:32,157,300000
1496448,6,1755000,2025-01-28 11:41:02,154,292500
1496602,1,50000,2025-01-25 12:12:57,157,50000
1496683,2,350000,2025-01-25 15:28:04,157,175000
1496721,1,50000,2025-01-25 16:56:42,157,50000
1496968,1,300000,2025-01-25 20:29:59,156,300000
1497029,1,300000,2025-01-26 00:20:50,156,300000
1497043,1,300000,2025-01-26 14:42:10,156,300000
1497078,1,50000,2025-01-28 12:57:50,154,50000
1497188,1,125000,2025-01-28 07:08:55,154,125000
1497204,1,50000,2025-01-26 07:25:21,156,50000
1497224,1,300000,2025-01-26 07:40:40,156,300000
1497252,1,50000,2025-02-05 17:27:29,146,50000
1497276,1,50000,2025-03-18 14:45:25,105,50000
1497319,1,50000,2025-01-31 11:36:27,151,50000
1497365,2,350000,2025-01-26 10:06:00,156,175000
1497380,2,100000,2025-03-20 09:22:55,103,50000
1497410,1,300000,2025-01-26 10:31:50,156,300000
1497553,3,150000,2025-01-26 14:03:29,156,50000
1497703,2,100000,2025-01-26 14:25:56,156,50000
1497724,1,50000,2025-03-02 09:29:02,121,50000
1497739,3,650000,2025-01-26 15:56:15,156,216667
1497746,1,50000,2025-02-17 21:43:30,133,50000
1497778,1,50000,2025-01-26 16:15:32,156,50000
1497783,1,300000,2025-01-26 16:08:52,156,300000
1497844,1,300000,2025-01-26 17:45:42,156,300000
1498132,1,50000,2025-02-03 20:09:27,147,50000
1498140,1,50000,2025-01-31 08:46:10,151,50000
1498363,1,50000,2025-02-06 07:37:16,145,50000
1498659,1,300000,2025-01-27 14:05:16,155,300000
1498726,1,300000,2025-01-27 15:02:35,155,300000
1499001,1,300000,2025-01-27 19:39:37,155,300000
1499025,1,300000,2025-01-27 20:29:31,154,300000
1499042,1,50000,2025-01-27 21:03:30,154,50000
1499100,1,50000,2025-01-28 09:07:47,154,50000
1499148,1,50000,2025-01-28 04:33:51,154,50000
1499447,1,50000,2025-01-30 08:53:39,152,50000
1499469,1,300000,2025-01-28 16:01:14,154,300000
1499649,1,255000,2025-01-28 13:52:21,154,255000
1499726,1,300000,2025-01-28 14:17:12,154,300000
1499925,5,500000,2025-05-09 14:21:45,53,100000
1499992,1,50000,2025-02-25 07:34:56,126,50000
15,1,200000,2025-04-27 09:46:51,65,200000
1500123,2,350000,2025-01-28 21:27:54,153,175000
1500156,1,300000,2025-02-02 13:33:39,149,300000
1500451,1,300000,2025-01-29 09:13:54,153,300000
1500460,1,125000,2025-01-30 08:23:14,152,125000
1500715,1,50000,2025-01-29 17:49:22,153,50000
1500717,1,300000,2025-02-04 06:00:02,147,300000
1500958,1,125000,2025-01-30 18:47:31,152,125000
1501124,2,100000,2025-04-09 09:12:03,83,50000
1501226,2,100000,2025-01-31 17:20:03,151,50000
1501346,1,50000,2025-01-30 04:38:17,152,50000
1501359,2,600000,2025-01-31 05:35:16,151,300000
1501400,1,159000,2025-02-11 16:22:55,140,159000
1501403,2,600000,2025-01-30 17:34:18,152,300000
1501449,2,440000,2025-05-08 17:35:19,54,220000
1501549,1,300000,2025-01-30 10:28:30,152,300000
1501787,1,300000,2025-02-01 05:52:40,150,300000
1501869,1,50000,2025-02-13 23:02:11,137,50000
1501877,1,50000,2025-01-30 16:17:59,152,50000
1501985,3,150000,2025-02-03 15:04:14,148,50000
1502092,1,300000,2025-01-30 20:37:16,151,300000
1502313,1,300000,2025-01-31 05:44:43,151,300000
1502341,1,300000,2025-02-05 20:32:17,145,300000
1502430,2,150000,2025-02-11 16:20:49,140,75000
1502460,3,150000,2025-02-03 10:26:57,148,50000
1502507,1,255000,2025-01-31 10:10:59,151,255000
1502596,1,300000,2025-03-01 04:24:52,122,300000
1502678,1,50000,2025-01-31 12:14:53,151,50000
1502795,1,300000,2025-01-31 14:13:15,151,300000
1502841,1,250000,2025-01-31 14:47:42,151,250000
1502893,1,50000,2025-01-31 20:00:32,150,50000
1502935,1,50000,2025-01-31 16:36:21,151,50000
1502955,1,50000,2025-02-02 05:56:24,149,50000
1502968,1,300000,2025-01-31 19:33:13,151,300000
1503152,1,300000,2025-02-06 12:31:34,145,300000
1503184,3,900000,2025-02-04 17:20:16,147,300000
1503217,4,700000,2025-02-01 01:07:12,150,175000
1503390,1,50000,2025-02-01 18:45:46,150,50000
1503469,1,50000,2025-02-01 09:26:16,150,50000
1503600,1,50000,2025-02-08 14:35:50,143,50000
1503672,2,350000,2025-02-01 11:59:59,150,175000
1503705,6,300000,2025-02-09 20:49:37,141,50000
1503732,1,50000,2025-02-01 12:38:52,150,50000
1503755,1,300000,2025-02-01 17:23:21,150,300000
1503871,1,40000,2025-04-06 21:55:09,85,40000
1504135,2,550000,2025-02-01 17:46:21,150,275000
1504214,2,100000,2025-02-01 19:09:57,150,50000
1504215,1,50000,2025-02-01 19:12:59,150,50000
1504632,1,270000,2025-02-11 16:05:41,140,270000
1504675,1,300000,2025-02-02 17:31:51,149,300000
1504697,1,50000,2025-02-02 18:09:13,149,50000
1504874,1,50000,2025-02-03 04:33:14,148,50000
1504896,2,510000,2025-03-06 09:05:58,117,255000
1504918,1,109000,2025-05-25 09:41:24,37,109000
1505042,1,50000,2025-02-03 10:50:41,148,50000
1505494,1,300000,2025-02-03 12:34:25,148,300000
1505554,1,270000,2025-02-10 09:33:54,141,270000
1505561,1,300000,2025-02-14 07:12:47,137,300000
1505629,1,255000,2025-03-02 17:11:34,121,255000
1505663,1,300000,2025-02-03 13:39:38,148,300000
1506026,1,50000,2025-02-23 19:29:01,128,50000
1506357,1,300000,2025-02-03 19:12:59,148,300000
1506365,1,250000,2025-02-03 19:08:00,148,250000
1506397,1,300000,2025-04-23 18:59:25,69,300000
1506769,1,300000,2025-02-04 09:07:38,147,300000
1507101,1,300000,2025-02-04 04:18:15,147,300000
1507120,1,255000,2025-03-02 07:46:41,121,255000
1507126,6,1800000,2025-03-08 20:05:29,114,300000
1507203,1,300000,2025-02-05 05:43:29,146,300000
1507265,1,50000,2025-05-17 08:39:20,45,50000
1507373,1,300000,2025-02-04 11:23:43,147,300000
1507518,2,100000,2025-02-07 08:38:02,144,50000
1507534,1,50000,2025-02-04 16:13:11,147,50000
1507541,1,300000,2025-02-04 16:38:48,147,300000
1508225,1,300000,2025-04-27 14:24:51,65,300000
1508249,1,300000,2025-02-05 11:33:00,146,300000
1508257,1,50000,2025-02-05 09:32:15,146,50000
1508367,3,900000,2025-02-05 12:40:13,146,300000
1508560,2,100000,2025-02-06 09:38:46,145,50000
1508589,1,50000,2025-02-05 16:34:55,146,50000
1508775,1,100000,2025-02-06 14:43:52,145,100000
1508922,1,300000,2025-04-09 15:48:31,83,300000
1508931,1,45000,2025-03-12 09:06:52,111,45000
1508968,1,50000,2025-03-24 05:23:58,99,50000
1509058,1,50000,2025-02-09 18:11:55,142,50000
1509074,2,100000,2025-02-06 03:22:19,145,50000
1509117,1,300000,2025-02-06 04:28:34,145,300000
1509122,2,100000,2025-02-10 04:11:08,141,50000
1509213,1,300000,2025-02-06 06:46:35,145,300000
1509302,1,50000,2025-02-11 07:12:53,140,50000
1509454,1,50000,2025-02-06 12:25:46,145,50000
1509656,1,300000,2025-02-06 17:06:19,145,300000
1509687,1,50000,2025-02-06 17:39:42,145,50000
1509812,1,300000,2025-02-06 20:09:20,144,300000
1509879,1,50000,2025-02-13 11:03:11,138,50000
1509889,4,200000,2025-02-15 19:19:20,136,50000
1510072,1,300000,2025-02-07 03:34:05,144,300000
1510092,2,100000,2025-02-07 11:38:53,144,50000
1510134,1,50000,2025-03-10 20:51:29,112,50000
1510138,1,50000,2025-02-07 05:33:08,144,50000
1510351,1,300000,2025-02-07 13:33:09,144,300000
1510354,1,300000,2025-02-07 10:30:18,144,300000
1510427,1,300000,2025-02-07 11:33:29,144,300000
1510548,1,50000,2025-02-07 13:28:58,144,50000
1510577,1,300000,2025-02-08 10:41:00,143,300000
1510859,3,400000,2025-02-07 18:26:33,144,133333
1510990,1,300000,2025-02-07 20:43:48,143,300000
1511226,1,300000,2025-02-08 05:15:09,143,300000
1511244,1,50000,2025-02-08 20:16:34,142,50000
1511309,1,50000,2025-02-09 18:52:15,142,50000
1511445,3,150000,2025-04-27 17:40:42,65,50000
1511449,1,300000,2025-02-08 08:42:25,143,300000
1511614,1,300000,2025-02-08 19:01:27,143,300000
1511716,1,300000,2025-02-09 11:01:57,142,300000
1511728,1,50000,2025-02-08 17:32:18,143,50000
1511752,1,300000,2025-02-08 14:58:44,143,300000
1511863,1,50000,2025-02-08 16:50:46,143,50000
1511898,1,300000,2025-02-09 05:18:01,142,300000
1512043,1,50000,2025-02-08 19:06:39,143,50000
1512117,1,50000,2025-02-08 21:08:25,142,50000
1512119,2,95000,2025-03-26 10:29:55,97,47500
1512188,1,50000,2025-02-09 00:03:18,142,50000
1512457,1,300000,2025-02-28 19:08:14,123,300000
1512555,1,50000,2025-02-09 10:22:26,142,50000
1513206,1,50000,2025-02-09 19:29:53,142,50000
1513218,3,400000,2025-02-09 20:32:16,141,133333
1513337,1,50000,2025-02-11 19:16:39,140,50000
1513550,1,300000,2025-02-10 06:21:15,141,300000
1513579,1,50000,2025-03-03 02:14:08,120,50000
1513626,1,300000,2025-03-20 04:38:25,103,300000
1513655,1,300000,2025-02-10 08:27:54,141,300000
1513708,1,50000,2025-02-18 20:28:56,132,50000
1513779,1,300000,2025-02-10 10:50:12,141,300000
1513899,1,50000,2025-02-10 13:26:07,141,50000
1514255,3,150000,2025-02-13 18:14:48,138,50000
1514318,1,150000,2025-02-10 19:52:15,141,150000
1514644,1,300000,2025-02-12 04:48:27,139,300000
1514706,1,50000,2025-02-11 08:40:26,140,50000
1514774,1,300000,2025-02-15 14:38:02,136,300000
1514803,1,150000,2025-02-11 14:28:36,140,150000
1515499,1,300000,2025-04-02 17:11:03,90,300000
1515725,1,50000,2025-02-12 09:28:08,139,50000
1515767,2,475000,2025-03-16 14:22:24,107,237500
1515945,1,50000,2025-02-13 07:35:52,138,50000
1516039,1,300000,2025-02-12 13:06:27,139,300000
1516185,1,50000,2025-02-15 03:37:49,136,50000
1516357,1,300000,2025-02-14 15:30:33,137,300000
1516590,1,50000,2025-02-16 00:57:39,135,50000
1517054,3,150000,2025-03-06 13:19:35,117,50000
1517183,1,300000,2025-02-13 14:28:53,138,300000
1517194,1,250000,2025-02-14 07:07:14,137,250000
1517230,1,50000,2025-02-13 15:07:39,138,50000
1517379,1,447000,2025-02-13 17:45:48,138,447000
1517801,4,200000,2025-03-06 03:06:41,117,50000
1518160,1,300000,2025-02-25 04:07:52,126,300000
1518650,1,270000,2025-02-15 12:50:19,136,270000
1518725,1,270000,2025-02-15 11:03:17,136,270000
1518732,9,399869,2025-05-03 22:11:09,58,44430
1520289,1,300000,2025-02-15 06:30:25,136,300000
1520464,1,150000,2025-02-15 13:37:38,136,150000
1521679,1,300000,2025-02-15 19:12:25,136,300000
1522700,1,300000,2025-02-16 08:35:01,135,300000
1522923,1,200000,2025-05-04 18:40:56,58,200000
1523275,1,50000,2025-02-23 15:44:24,128,50000
1523436,1,50000,2025-05-11 15:58:49,51,50000
1523775,1,50000,2025-03-01 06:23:54,122,50000
1523901,1,50000,2025-02-16 23:13:15,134,50000
1524143,1,270000,2025-02-18 17:21:52,133,270000
1524345,2,420000,2025-02-17 09:11:13,134,210000
1524486,1,200000,2025-02-17 11:06:57,134,200000
1524515,2,100000,2025-02-18 14:31:56,133,50000
1524574,1,50000,2025-03-05 16:47:35,118,50000
1524606,1,300000,2025-02-17 14:30:07,134,300000
1524805,1,50000,2025-02-17 14:11:02,134,50000
1524834,1,270000,2025-02-17 16:40:11,134,270000
1524905,1,50000,2025-02-17 15:12:58,134,50000
1524962,1,300000,2025-02-17 16:12:36,134,300000
1525226,1,300000,2025-02-17 18:54:29,134,300000
1525261,2,100000,2025-02-18 17:44:03,133,50000
1525706,1,300000,2025-02-18 02:51:48,133,300000
1525802,1,300000,2025-03-04 19:53:03,119,300000
1526011,1,50000,2025-03-04 08:05:32,119,50000
1526258,1,50000,2025-04-01 21:23:37,90,50000
1526369,2,600000,2025-02-22 18:44:16,129,300000
1526443,1,50000,2025-02-22 14:18:14,129,50000
1526483,1,300000,2025-02-18 17:36:17,133,300000
1526605,1,300000,2025-02-18 19:18:47,133,300000
1526971,1,50000,2025-02-19 05:39:23,132,50000
1527229,1,300000,2025-03-03 08:40:58,120,300000
1527370,1,300000,2025-02-22 19:15:43,129,300000
1527477,1,300000,2025-03-13 15:30:19,110,300000
1527479,1,50000,2025-03-21 20:05:35,101,50000
1527623,1,300000,2025-02-19 17:37:44,132,300000
1527712,1,300000,2025-03-20 21:26:48,102,300000
1527749,1,45000,2025-02-27 09:32:35,124,45000
1527764,2,600000,2025-03-11 23:42:52,111,300000
1527851,1,50000,2025-03-03 12:52:22,120,50000
1528094,1,50000,2025-05-25 05:33:22,37,50000
1528118,1,50000,2025-02-20 20:46:49,130,50000
1528222,1,50000,2025-03-04 07:36:32,119,50000
1528224,1,50000,2025-03-01 03:41:47,122,50000
1528331,1,270000,2025-02-20 10:21:20,131,270000
1528443,1,50000,2025-02-20 11:34:25,131,50000
1528798,1,50000,2025-02-20 16:23:10,131,50000
1528943,2,100000,2025-02-20 19:15:04,131,50000
1528962,1,300000,2025-02-20 19:07:34,131,300000
1529547,1,300000,2025-02-21 08:26:40,130,300000
1529714,1,50000,2025-02-21 14:12:06,130,50000
1529801,1,300000,2025-02-21 12:11:44,130,300000
1529818,1,100000,2025-03-08 11:42:02,115,100000
1530069,2,100000,2025-03-14 05:24:56,109,50000
1530085,1,300000,2025-02-21 15:19:42,130,300000
1530209,1,300000,2025-02-21 17:52:26,130,300000
1530297,1,300000,2025-02-21 18:59:59,130,300000
1530380,1,300000,2025-02-22 03:46:51,129,300000
1530998,2,600000,2025-03-13 12:19:18,110,300000
1531072,1,300000,2025-02-22 13:28:26,129,300000
1531090,1,300000,2025-02-22 13:32:59,129,300000
1531121,1,50000,2025-03-02 12:15:58,121,50000
1531330,1,255000,2025-03-01 22:43:20,121,255000
1531361,1,300000,2025-02-23 14:20:37,128,300000
1531608,1,50000,2025-02-23 05:17:58,128,50000
1532165,1,300000,2025-04-08 14:57:43,84,300000
153235,2,100000,2025-06-06 17:46:16,25,50000
1532452,1,50000,2025-05-10 19:54:17,52,50000
1532562,1,175000,2025-03-03 15:30:29,120,175000
1532879,2,100000,2025-05-18 07:58:57,44,50000
1533061,2,100000,2025-02-24 09:22:29,127,50000
1533070,1,50000,2025-02-24 09:29:53,127,50000
1533261,1,50000,2025-02-24 12:03:15,127,50000
1533840,1,45000,2025-02-24 21:02:35,126,45000
1534979,1,50000,2025-02-25 17:24:41,126,50000
1535056,1,50000,2025-03-07 07:49:49,116,50000
1535096,1,50000,2025-06-02 04:14:33,29,50000
1535526,1,300000,2025-02-25 11:40:11,126,300000
1535545,1,300000,2025-06-02 18:58:06,29,300000
1535663,3,150000,2025-02-25 12:40:42,126,50000
1535936,1,300000,2025-05-31 17:40:34,31,300000
1536305,1,175000,2025-03-01 03:34:35,122,175000
1536382,1,300000,2025-02-25 19:59:30,125,300000
1536407,1,50000,2025-02-25 20:23:26,125,50000
1536571,1,300000,2025-03-05 10:47:43,118,300000
1536662,1,100000,2025-02-26 09:01:13,125,100000
1536758,1,50000,2025-02-26 05:31:02,125,50000
1537250,1,50000,2025-03-07 12:06:15,116,50000
1538095,1,175000,2025-02-27 15:43:32,124,175000
1538421,1,50000,2025-02-27 11:12:32,124,50000
1538505,1,50000,2025-02-27 11:38:00,124,50000
1538576,2,555000,2025-03-01 18:05:02,122,277500
1539713,1,300000,2025-03-01 01:35:05,122,300000
1539859,2,350000,2025-02-28 21:35:44,122,175000
1540043,1,300000,2025-03-07 13:41:03,116,300000
1540126,1,50000,2025-03-01 06:56:34,122,50000
1540192,1,300000,2025-03-03 05:30:42,120,300000
1540627,1,50000,2025-02-28 20:52:41,122,50000
1540714,1,300000,2025-02-28 22:26:46,122,300000
1540865,1,50000,2025-02-28 22:02:40,122,50000
1540876,1,100000,2025-03-01 03:36:50,122,100000
1540882,1,50000,2025-03-01 06:08:13,122,50000
1541098,1,300000,2025-03-27 05:01:45,96,300000
1541376,1,300000,2025-03-01 01:06:44,122,300000
1542300,1,50000,2025-03-01 07:13:16,122,50000
1542321,1,45000,2025-03-01 11:27:43,122,45000
1542628,1,50000,2025-04-12 05:35:28,80,50000
1542741,1,50000,2025-03-01 08:29:01,122,50000
1542751,1,50000,2025-03-01 07:02:45,122,50000
1543198,1,50000,2025-03-01 11:30:30,122,50000
1543368,1,50000,2025-03-01 13:17:48,122,50000
1544710,1,50000,2025-03-01 11:54:33,122,50000
1545175,1,50000,2025-03-01 12:20:32,122,50000
1545494,1,300000,2025-03-01 12:58:29,122,300000
1545926,1,300000,2025-03-01 17:04:42,122,300000
1546065,1,300000,2025-03-01 13:29:40,122,300000
1546082,2,100000,2025-03-01 13:43:18,122,50000
1546084,1,300000,2025-03-01 13:57:19,122,300000
1546881,4,1010000,2025-04-07 09:02:41,85,252500
1547401,1,50000,2025-03-01 16:15:40,122,50000
1548161,1,45000,2025-03-02 14:06:42,121,45000
1549139,1,240000,2025-04-29 08:44:48,63,240000
1549402,1,100000,2025-03-10 11:02:21,113,100000
1549530,1,50000,2025-03-02 05:02:16,121,50000
1550052,1,270000,2025-03-18 09:48:52,105,270000
1550222,1,255000,2025-03-02 20:27:49,120,255000
1550400,1,300000,2025-03-02 04:17:40,121,300000
1551357,1,50000,2025-03-02 09:42:30,121,50000
1551756,1,50000,2025-03-02 12:11:59,121,50000
1551837,1,100000,2025-03-02 12:35:54,121,100000
1552650,1,50000,2025-03-02 17:08:19,121,50000
1552971,1,50000,2025-03-02 18:23:41,121,50000
1552977,1,300000,2025-03-03 03:55:04,120,300000
1553148,1,300000,2025-03-02 19:38:46,121,300000
1553238,1,175000,2025-03-02 20:31:11,120,175000
1553411,1,300000,2025-03-03 00:39:06,120,300000
1553416,1,50000,2025-03-02 23:18:57,120,50000
1553450,1,255000,2025-03-03 09:27:07,120,255000
1553494,1,50000,2025-03-03 04:40:31,120,50000
1553785,2,100000,2025-06-05 17:55:41,26,50000
1553915,1,50000,2025-03-03 08:24:25,120,50000
1554320,1,50000,2025-03-08 15:52:27,115,50000
1554439,1,50000,2025-03-10 08:21:53,113,50000
1554477,1,50000,2025-03-06 20:53:51,116,50000
1554523,1,100000,2025-03-10 12:09:46,113,100000
1554540,1,300000,2025-03-06 10:56:36,117,300000
1554676,1,300000,2025-03-04 11:46:31,119,300000
1554870,1,50000,2025-03-03 19:45:32,120,50000
1554989,2,510000,2025-03-29 18:35:42,94,255000
1555137,1,50000,2025-04-12 00:56:53,80,50000
1555168,1,50000,2025-03-04 01:44:40,119,50000
1555217,1,300000,2025-05-24 07:49:51,38,300000
1555278,1,300000,2025-04-06 16:54:56,86,300000
1555768,2,100000,2025-04-10 09:24:18,82,50000
1555814,1,50000,2025-05-15 20:00:00,46,50000
1555939,1,100000,2025-03-06 16:28:25,117,100000
1556069,1,240000,2025-04-06 09:17:13,86,240000
1556128,1,300000,2025-03-05 17:12:40,118,300000
1556879,1,50000,2025-03-05 04:39:37,118,50000
1556941,3,900000,2025-03-05 10:17:14,118,300000
1557038,1,50000,2025-03-05 07:13:51,118,50000
1557070,1,50000,2025-03-05 11:30:21,118,50000
1557203,1,300000,2025-03-05 10:35:29,118,300000
1557288,1,50000,2025-03-05 13:32:31,118,50000
1557526,1,50000,2025-03-06 05:24:01,117,50000
1558040,1,100000,2025-03-06 10:38:02,117,100000
1558145,1,50000,2025-03-06 04:22:53,117,50000
1558358,1,50000,2025-03-06 16:11:30,117,50000
1558385,1,50000,2025-03-06 09:28:08,117,50000
1558400,1,300000,2025-03-07 08:44:35,116,300000
1559458,1,300000,2025-03-07 06:10:59,116,300000
1559523,1,50000,2025-03-10 07:41:34,113,50000
1559553,1,50000,2025-03-07 08:24:58,116,50000
1559666,1,255000,2025-03-07 12:05:09,116,255000
1559668,1,300000,2025-03-29 17:30:48,94,300000
1559708,1,300000,2025-03-17 20:15:14,105,300000
1559806,1,50000,2025-03-07 15:13:29,116,50000
1559918,1,300000,2025-03-07 17:39:38,116,300000
1560006,2,100000,2025-03-07 20:01:36,115,50000
1560043,2,100000,2025-03-07 21:00:03,115,50000
1560085,1,50000,2025-04-18 20:05:21,73,50000
1560182,1,50000,2025-03-08 04:42:34,115,50000
1560331,1,300000,2025-03-08 10:14:13,115,300000
1560365,1,100000,2025-03-10 12:08:01,113,100000
1560614,1,300000,2025-03-08 19:38:50,115,300000
1560839,1,50000,2025-03-09 01:30:41,114,50000
1560860,1,50000,2025-04-05 13:55:19,87,50000
1560952,1,50000,2025-03-09 07:07:38,114,50000
1561371,1,109000,2025-03-18 13:10:05,105,109000
1561688,1,50000,2025-03-10 00:18:28,113,50000
1561746,1,50000,2025-03-21 20:59:55,101,50000
1562053,1,100000,2025-05-06 13:35:42,56,100000
1562075,1,100000,2025-03-10 14:28:51,113,100000
1562151,1,50000,2025-04-11 15:13:23,81,50000
1562516,2,520000,2025-03-16 09:44:07,107,260000
1562578,1,50000,2025-03-11 13:18:05,112,50000
1562652,1,50000,2025-03-11 15:58:45,112,50000
1562714,4,450000,2025-04-27 12:23:24,65,112500
1563109,1,50000,2025-03-24 09:17:13,99,50000
1563221,1,50000,2025-03-12 19:29:00,111,50000
1563293,1,1000,2025-03-13 17:36:40,110,1000
1563490,1,300000,2025-03-16 14:34:38,107,300000
1563493,1,50000,2025-03-13 05:17:04,110,50000
1563779,1,50000,2025-03-13 19:55:58,110,50000
1563906,1,300000,2025-04-27 10:43:30,65,300000
1563996,1,270000,2025-03-16 13:29:09,107,270000
1564006,1,300000,2025-03-14 06:09:53,109,300000
1564074,1,300000,2025-03-16 15:09:18,107,300000
1564168,1,50000,2025-03-14 18:40:59,109,50000
1564169,1,300000,2025-03-14 13:44:01,109,300000
1564173,1,300000,2025-03-16 08:39:48,107,300000
1564205,1,50000,2025-03-14 15:03:03,109,50000
1564428,1,50000,2025-03-14 23:35:26,108,50000
1564512,1,40000,2025-04-05 17:08:40,87,40000
1564622,3,620000,2025-03-16 13:43:12,107,206667
1564624,2,90000,2025-03-18 12:38:29,105,45000
1564654,2,100000,2025-04-30 20:07:55,61,50000
1564707,2,100000,2025-06-18 05:19:03,13,50000
1565000,1,50000,2025-03-16 01:49:11,107,50000
1565040,2,159000,2025-03-16 07:07:47,107,79500
1565077,2,320000,2025-04-19 06:33:47,73,160000
1565091,5,309000,2025-03-16 07:19:56,107,61800
1565210,1,270000,2025-03-16 12:00:02,107,270000
1565251,1,50000,2025-03-16 12:48:51,107,50000
1565263,1,45000,2025-03-16 13:50:31,107,45000
1565435,2,540000,2025-05-16 11:45:59,46,270000
1565485,1,50000,2025-03-17 10:42:37,106,50000
1565487,1,270000,2025-03-16 19:23:00,107,270000
1565556,1,270000,2025-03-17 10:07:06,106,270000
1565562,2,570000,2025-03-17 11:27:15,106,285000
1565567,1,45000,2025-03-16 22:08:08,106,45000
1565591,1,270000,2025-03-17 15:59:32,106,270000
1565701,4,450000,2025-06-14 16:05:49,17,112500
1565777,1,109000,2025-03-24 11:12:12,99,109000
1565798,1,300000,2025-03-17 12:01:44,106,300000
1565840,1,270000,2025-03-17 14:14:27,106,270000
1565876,1,50000,2025-03-17 15:49:18,106,50000
1565962,1,50000,2025-04-03 18:31:01,89,50000
1566022,2,145000,2025-04-22 11:03:48,70,72500
1566030,1,50000,2025-03-17 22:59:37,105,50000
1566044,3,150000,2025-03-18 01:00:36,105,50000
1566255,1,150000,2025-03-25 09:54:53,98,150000
1566673,1,50000,2025-03-24 20:30:41,98,50000
1566821,1,300000,2025-04-30 02:51:16,62,300000
1567036,1,50000,2025-03-22 05:20:06,101,50000
1567059,1,240000,2025-04-02 17:13:30,90,240000
1567134,3,150000,2025-03-29 05:10:51,94,50000
1567346,1,50000,2025-03-22 05:25:42,101,50000
1567357,1,50000,2025-03-29 18:58:11,94,50000
1567359,1,300000,2025-04-08 21:29:53,83,300000
1567561,1,300000,2025-03-22 22:54:03,100,300000
1567605,1,50000,2025-03-25 23:05:32,97,50000
1567622,1,50000,2025-03-23 11:25:08,100,50000
1567627,1,50000,2025-03-23 05:27:30,100,50000
1567651,1,300000,2025-03-23 08:05:14,100,300000
1567700,1,50000,2025-03-23 14:09:46,100,50000
1567708,1,50000,2025-03-23 14:50:02,100,50000
1567713,1,300000,2025-03-23 15:11:19,100,300000
1567906,1,270000,2025-03-24 11:18:58,99,270000
1567926,1,300000,2025-03-24 15:10:56,99,300000
1567934,1,300000,2025-03-24 10:45:42,99,300000
1568269,1,649000,2025-05-25 19:34:35,37,649000
1568522,1,300000,2025-03-28 10:06:14,95,300000
1568751,1,300000,2025-06-21 17:42:48,10,300000
1568804,1,240000,2025-03-29 19:21:52,94,240000
1568952,1,300000,2025-03-28 23:37:13,94,300000
1569146,1,240000,2025-03-30 12:31:09,93,240000
1569201,1,300000,2025-04-08 17:43:31,84,300000
1569275,1,50000,2025-03-30 20:22:47,92,50000
1569355,1,300000,2025-03-31 16:10:24,92,300000
1569382,1,240000,2025-04-06 19:45:22,86,240000
1569385,1,50000,2025-03-31 22:17:43,91,50000
1569545,2,600000,2025-04-02 07:14:52,90,300000
1569701,1,50000,2025-04-03 07:35:05,89,50000
1569747,1,50000,2025-04-15 08:18:08,77,50000
1569750,1,50000,2025-04-03 15:41:18,89,50000
1569759,2,600000,2025-04-03 16:41:01,89,300000
1569868,1,300000,2025-04-05 18:06:06,87,300000
1569936,2,100000,2025-04-04 18:50:40,88,50000
1569982,1,50000,2025-04-09 22:18:24,82,50000
1570050,1,50000,2025-04-08 06:37:57,84,50000
1570067,1,240000,2025-04-05 19:21:26,87,240000
1570214,1,300000,2025-04-07 10:47:52,85,300000
1570267,1,50000,2025-04-06 19:36:34,86,50000
1570411,1,300000,2025-04-07 17:55:57,85,300000
1570428,1,300000,2025-04-07 19:38:39,85,300000
1570604,1,300000,2025-04-08 20:32:19,83,300000
1570636,1,50000,2025-04-09 01:05:48,83,50000
1570671,1,649000,2025-06-13 06:25:16,18,649000
1570728,32,1916800,2025-05-03 23:08:53,58,59900
1570864,1,50000,2025-04-10 09:04:56,82,50000
1570952,1,270000,2025-04-11 10:37:19,81,270000
1571206,1,300000,2025-04-12 11:30:25,80,300000
1571459,2,600000,2025-05-06 07:45:50,56,300000
1571692,1,50000,2025-04-15 04:48:53,77,50000
1571785,1,50000,2025-04-16 08:59:23,76,50000
1571793,3,900000,2025-04-15 17:24:11,77,300000
1571925,1,50000,2025-04-16 13:05:50,76,50000
1571936,2,100000,2025-04-18 11:51:40,74,50000
1572194,1,300000,2025-04-17 19:08:39,75,300000
1572520,1,300000,2025-04-18 07:37:12,74,300000
1572594,1,300000,2025-04-18 06:52:20,74,300000
1572863,1,50000,2025-04-18 17:34:22,74,50000
1572899,1,50000,2025-04-18 14:26:23,74,50000
1573138,1,50000,2025-04-18 21:05:45,73,50000
1573198,3,75000,2025-06-27 08:32:20,4,25000
1573238,1,50000,2025-05-09 17:04:41,53,50000
1573246,1,50000,2025-04-19 05:34:07,73,50000
1573298,1,300000,2025-04-19 09:31:31,73,300000
1573388,2,600000,2025-04-19 15:17:52,73,300000
1573411,1,50000,2025-04-19 19:24:56,73,50000
1573432,1,50000,2025-04-28 12:40:54,64,50000
1573753,1,50000,2025-04-20 22:27:44,71,50000
1573787,2,600000,2025-04-21 02:49:14,71,300000
1573850,2,570000,2025-04-21 15:22:41,71,285000
1573853,1,300000,2025-04-21 12:55:46,71,300000
1573945,3,150000,2025-04-21 20:17:14,70,50000
1573968,1,50000,2025-04-22 19:56:52,70,50000
1573986,2,100000,2025-04-21 23:32:21,70,50000
1574100,1,300000,2025-04-22 16:58:13,70,300000
1574116,1,240000,2025-05-05 08:04:29,57,240000
1574350,1,50000,2025-04-23 22:35:20,68,50000
1574355,1,50000,2025-04-30 15:24:53,62,50000
1574378,1,270000,2025-04-24 09:58:10,68,270000
1574431,1,50000,2025-04-24 15:09:31,68,50000
1574453,1,300000,2025-04-25 09:03:20,67,300000
1574605,1,50000,2025-04-25 13:18:21,67,50000
1574664,1,50000,2025-04-25 19:51:31,67,50000
1574670,1,50000,2025-04-25 20:43:43,66,50000
1574736,1,240000,2025-04-29 08:48:40,63,240000
1574962,1,300000,2025-04-27 15:41:46,65,300000
1575090,2,100000,2025-04-28 11:51:24,64,50000
1575135,1,50000,2025-05-03 17:09:35,59,50000
1575210,1,50000,2025-04-28 23:33:04,63,50000
1575421,2,100000,2025-04-30 13:03:29,62,50000
1575454,1,50000,2025-05-11 11:06:32,51,50000
1575554,1,300000,2025-05-01 16:29:28,61,300000
1575582,1,100000,2025-06-19 17:48:55,12,100000
1575681,1,50000,2025-05-02 11:25:34,60,50000
1575769,1,50000,2025-05-02 21:56:49,59,50000
1575787,1,300000,2025-05-03 05:28:11,59,300000
1576129,1,50000,2025-05-05 18:40:10,57,50000
1576360,1,300000,2025-05-06 03:23:40,56,300000
1576953,1,50000,2025-05-10 02:15:45,52,50000
1577124,1,50000,2025-05-11 13:24:07,51,50000
1577146,1,300000,2025-05-11 16:48:40,51,300000
1577259,1,270000,2025-05-16 10:39:57,46,270000
1577292,2,100000,2025-05-12 17:00:18,50,50000
1577338,1,300000,2025-05-12 20:09:48,49,300000
1577417,1,50000,2025-05-13 09:41:34,49,50000
1577607,1,50000,2025-05-14 13:58:11,48,50000
1577899,1,300000,2025-06-10 20:36:40,20,300000
1577933,1,300000,2025-05-16 16:35:15,46,300000
1577987,3,900000,2025-05-18 09:32:24,44,300000
1578061,1,300000,2025-05-17 14:59:58,45,300000
1578456,1,300000,2025-05-20 14:01:03,42,300000
1578462,1,50000,2025-05-20 14:43:42,42,50000
1578468,1,50000,2025-05-30 12:08:06,32,50000
1578522,1,270000,2025-05-21 15:11:30,41,270000
1578650,1,50000,2025-05-21 19:21:47,41,50000
1578664,1,50000,2025-05-26 09:45:12,36,50000
1578742,43,6146700,2025-06-19 18:50:12,12,142947
1578802,1,50000,2025-05-22 20:36:22,39,50000
1579111,1,50000,2025-05-28 11:15:53,34,50000
1579179,4,200000,2025-05-30 08:58:43,32,50000
1579289,1,25000,2025-05-26 11:42:40,36,25000
1579353,1,50000,2025-05-26 19:27:59,36,50000
1579387,1,50000,2025-05-27 04:47:12,35,50000
1579406,10,2940000,2025-05-27 09:53:13,35,294000
1579452,1,50000,2025-05-27 15:05:12,35,50000
1579752,1,300000,2025-05-29 22:22:17,32,300000
1579782,1,50000,2025-06-14 06:02:38,17,50000
1579833,1,50000,2025-05-30 14:54:06,32,50000
1579986,1,50000,2025-05-31 18:24:38,31,50000
1580019,1,50000,2025-05-31 23:14:19,30,50000
1580155,1,300000,2025-06-02 07:03:01,29,300000
1580167,1,50000,2025-06-02 07:48:38,29,50000
1580210,1,50000,2025-06-02 13:16:32,29,50000
1580302,1,50000,2025-06-03 06:28:42,28,50000
1580432,2,600000,2025-06-04 07:50:19,27,300000
1580768,2,600000,2025-06-12 21:38:08,18,300000
1580979,3,150000,2025-06-09 00:53:17,22,50000
1581008,1,200000,2025-06-09 09:14:23,22,200000
1581047,2,100000,2025-06-09 17:36:06,22,50000
1581668,1,649000,2025-06-14 10:34:13,17,649000
1581713,1,135000,2025-06-14 10:10:45,17,135000
1581762,1,109000,2025-06-14 10:28:43,17,109000
1581900,1,300000,2025-06-15 19:05:43,16,300000
1581914,2,100000,2025-06-22 07:31:24,9,50000
1582049,2,100000,2025-06-29 15:15:06,2,50000
1582376,1,300000,2025-06-22 22:45:53,8,300000
1582472,1,50000,2025-06-20 22:24:49,10,50000
1582496,1,300000,2025-06-20 10:03:41,11,300000
1582592,2,100000,2025-06-23 20:06:22,7,50000
1582727,1,50000,2025-06-24 08:17:18,7,50000
1582746,1,300000,2025-06-22 10:58:22,9,300000
1583101,1,50000,2025-06-24 23:01:24,6,50000
1583105,1,50000,2025-06-25 10:52:39,6,50000
1583110,1,125000,2025-07-01 15:37:05,0,125000
1583137,1,300000,2025-06-25 08:29:48,6,300000
1583139,1,25000,2025-06-25 16:49:16,6,25000
1583144,1,300000,2025-06-25 19:50:58,6,300000
1583188,1,25000,2025-06-30 08:41:38,1,25000
1583283,1,99999,2025-06-26 11:44:56,5,99999
1583293,1,300000,2025-06-26 13:46:58,5,300000
1583823,1,300000,2025-06-30 19:19:33,1,300000
1583844,1,25000,2025-07-01 10:20:08,0,25000
1583911,1,50000,2025-07-01 13:44:29,0,50000
16498,1,300000,2025-03-10 16:02:26,113,300000
166911,7,350000,2025-03-11 21:47:42,111,50000
166916,12,3600000,2025-06-20 04:38:53,11,300000
171699,1,300000,2025-03-08 20:53:07,114,300000
1717,1,300000,2025-03-11 20:27:06,111,300000
17678,3,900000,2025-04-25 04:38:50,67,300000
177464,1,255000,2025-03-01 18:51:15,122,255000
17889,3,150000,2025-03-07 18:09:40,116,50000
181159,1,50000,2025-03-16 07:26:05,107,50000
186,1,50000,2025-04-26 05:32:33,66,50000
18608,2,600000,2025-03-06 05:05:05,117,300000
190947,2,350000,2025-02-10 06:18:01,141,175000
195903,1,50000,2025-01-01 14:02:54,181,50000
19698,1,50000,2025-03-12 15:14:43,111,50000
19801,1,300000,2025-06-22 10:40:45,9,300000
200876,1,125000,2025-01-31 22:20:16,150,125000
20107,1,250000,2025-03-19 19:20:30,104,250000
206261,3,870000,2025-01-14 09:04:22,168,290000
21231,1,50000,2025-03-03 10:01:39,120,50000
21752,2,570000,2025-03-12 12:13:58,111,285000
22,1,50000,2025-03-01 05:08:01,122,50000
229,3,350000,2025-03-06 00:00:25,117,116667
233326,1,300000,2025-02-03 20:47:23,147,300000
240,2,100000,2025-02-28 10:25:55,123,50000
2417,5,1500000,2025-03-16 18:43:28,107,300000
244307,1,100000,2025-03-17 13:08:16,106,100000
250877,1,50000,2025-04-25 15:22:28,67,50000
265702,1,50000,2025-05-03 13:38:11,59,50000
266469,1,270000,2025-04-25 17:52:50,67,270000
271675,10,500000,2025-05-09 17:05:39,53,50000
27172,1,50000,2025-04-30 11:34:16,62,50000
273214,1,255000,2025-01-27 20:35:49,154,255000
2846,2,100000,2025-02-28 12:24:36,123,50000
290841,2,498000,2025-01-04 15:31:39,178,249000
291524,1,50000,2025-02-24 13:24:03,127,50000
294213,1,150000,2025-01-17 19:27:57,165,150000
302,3,150000,2025-05-21 13:43:36,41,50000
305992,1,50000,2025-01-11 17:18:16,171,50000
309071,1,300000,2025-02-16 23:43:05,134,300000
30944,1,300000,2025-03-30 13:11:06,93,300000
317352,1,255000,2025-01-28 13:53:24,154,255000
322179,1,50000,2025-01-15 07:06:53,167,50000
3244,4,1200000,2025-03-16 03:31:29,107,300000
327,1,649000,2025-02-25 18:04:26,126,649000
328126,3,800000,2025-01-09 09:09:37,173,266667
331970,1,300000,2025-05-04 19:52:16,58,300000
3333,1,50000,2025-05-20 10:53:39,42,50000
336048,1,240000,2025-06-09 09:15:19,22,240000
339390,1,125000,2025-02-01 00:12:37,150,125000
340538,1,125000,2025-01-28 12:52:01,154,125000
34514,2,95000,2025-06-11 09:01:27,20,47500
348,5,250000,2025-02-16 12:58:32,135,50000
3556,10,500000,2025-04-01 17:42:04,91,50000
36317,1,649000,2025-04-04 22:13:08,87,649000
365954,1,175000,2025-03-01 14:13:19,122,175000
368961,2,570000,2025-02-20 09:23:29,131,285000
371259,1,300000,2025-06-19 19:47:23,12,300000
379674,2,100000,2025-03-11 16:31:13,112,50000
381363,1,50000,2025-01-21 06:38:38,161,50000
38689,1,125000,2025-02-02 12:37:52,149,125000
38851,1,50000,2025-02-12 19:58:36,138,50000
38966,1,300000,2025-05-04 12:24:07,58,300000
391984,2,600000,2025-05-07 17:10:19,55,300000
400576,1,270000,2025-03-26 09:26:53,97,270000
412603,1,50000,2025-01-13 18:20:21,169,50000
42,2,100000,2025-03-03 18:41:46,120,50000
422544,1,50000,2025-01-06 15:52:34,176,50000
424219,2,200000,2025-02-19 17:43:58,132,100000
43541,1,50000,2025-06-23 20:55:36,7,50000
439690,2,540000,2025-04-23 15:31:08,69,270000
4571,2,600000,2025-03-01 21:21:15,121,300000
45774,1,45000,2025-03-02 11:06:25,121,45000
458605,1,50000,2025-02-10 16:24:23,141,50000
463651,1,300000,2025-02-08 05:56:15,143,300000
465713,1,255000,2025-02-27 13:59:10,124,255000
471480,1,50000,2025-05-10 07:37:18,52,50000
472242,1,50000,2025-01-31 13:07:23,151,50000
480205,1,45000,2025-03-01 10:24:33,122,45000
481815,1,270000,2025-01-09 10:57:05,173,270000
4834,1,50000,2025-03-13 10:52:40,110,50000
484227,2,100000,2025-01-20 16:25:40,162,50000
492,8,2400000,2025-04-10 17:21:44,82,300000
492084,1,50000,2025-02-03 08:59:40,148,50000
501186,1,300000,2025-03-11 05:44:46,112,300000
503570,1,175000,2025-03-13 09:42:53,110,175000
5039,1,50000,2025-02-24 18:58:08,127,50000
506329,4,628500,2025-02-01 09:24:06,150,157125
51045,1,50000,2025-04-26 05:15:38,66,50000
52344,10,500000,2025-03-08 23:44:21,114,50000
52447,3,900000,2025-03-15 13:47:25,108,300000
524840,4,300000,2025-02-19 09:23:02,132,75000
526461,1,270000,2025-01-22 17:32:08,160,270000
527077,1,45000,2025-02-28 08:30:33,123,45000
538420,1,300000,2025-01-31 19:44:57,151,300000
541,3,150000,2025-02-18 21:57:37,132,50000
543666,1,50000,2025-06-22 17:57:28,9,50000
546230,2,100000,2025-03-01 05:27:20,122,50000
554301,2,150000,2025-02-02 14:26:24,149,75000
556819,1,45000,2025-03-01 11:40:25,122,45000
559406,1,300000,2025-03-13 05:27:01,110,300000
561256,1,50000,2025-05-27 18:20:39,35,50000
56137,3,150000,2025-04-03 09:54:58,89,50000
562788,1,50000,2025-06-27 06:47:56,4,50000
567348,6,300000,2025-01-01 16:37:55,181,50000
572800,1,255000,2025-03-15 13:49:10,108,255000
573034,1,255000,2025-03-01 10:41:35,122,255000
58291,2,100000,2025-02-16 08:53:47,135,50000
597266,1,270000,2025-02-19 11:39:47,132,270000
598227,1,150000,2025-01-20 14:45:06,162,150000
600199,1,50000,2025-03-01 12:43:34,122,50000
601782,1,50000,2025-02-13 04:19:56,138,50000
60666,2,100000,2025-02-19 17:12:41,132,50000
609086,1,270000,2025-01-19 06:10:46,163,270000
61544,1,270000,2025-03-17 16:00:55,106,270000
622197,1,50000,2025-01-19 20:47:29,162,50000
629713,1,50000,2025-03-08 06:21:22,115,50000
63097,2,100000,2025-03-03 03:06:16,120,50000
641629,1,50000,2025-02-13 19:04:21,138,50000
644252,1,50000,2025-02-28 21:57:43,122,50000
644830,1,240000,2025-04-30 11:32:15,62,240000
657901,1,50000,2025-03-16 06:27:59,107,50000
658366,1,125000,2025-07-01 15:28:46,0,125000
661391,1,50000,2025-02-22 20:33:50,128,50000
662458,1,255000,2025-03-02 11:32:40,121,255000
666746,1,50000,2025-03-03 08:37:46,120,50000
66865,1,50000,2025-03-11 17:09:49,112,50000
670541,1,50000,2025-03-12 04:49:54,111,50000
674,1,300000,2025-05-18 16:09:15,44,300000
675713,3,150000,2025-03-09 23:07:41,113,50000
67706,7,2100000,2025-03-01 05:51:02,122,300000
680980,1,50000,2025-02-28 22:09:39,122,50000
6823,1,200000,2025-01-13 15:39:11,169,200000
682304,1,50000,2025-01-29 11:54:28,153,50000
6828,6,300000,2025-05-19 19:46:57,43,50000
683937,1,300000,2025-04-25 20:34:10,66,300000
693906,1,25000,2025-06-30 16:15:44,1,25000
695196,2,100000,2025-04-20 08:51:41,72,50000
696219,1,50000,2025-03-03 05:18:57,120,50000
7,8,400000,2025-03-16 15:07:26,107,50000
704167,1,50000,2025-06-28 20:03:04,2,50000
704210,1,270000,2025-01-25 15:00:37,157,270000
705152,1,250000,2025-06-22 22:18:02,8,250000
7091,3,900000,2025-06-21 12:10:58,10,300000
716,3,150000,2025-02-13 04:38:57,138,50000
717449,1,50000,2025-05-13 21:45:08,48,50000
717647,1,300000,2025-01-28 07:45:08,154,300000
717651,4,1170000,2025-01-22 09:23:26,160,292500
720748,1,447000,2025-02-16 14:56:55,135,447000
724303,1,50000,2025-05-23 10:45:51,39,50000
728903,3,150000,2025-02-19 07:18:09,132,50000
729093,2,100000,2025-02-07 05:04:50,144,50000
729757,1,50000,2025-06-13 18:18:26,18,50000
733262,1,175000,2025-03-17 16:42:15,106,175000
73403,3,150000,2025-06-18 08:51:44,13,50000
734537,1,50000,2025-03-07 08:22:53,116,50000
735793,1,249000,2025-01-03 16:23:28,179,249000
73647,15,750000,2025-03-08 06:23:30,115,50000
738423,1,255000,2025-01-27 19:39:26,155,255000
752270,1,50000,2025-02-28 08:26:00,123,50000
755866,1,50000,2025-03-03 07:43:05,120,50000
758481,1,125000,2025-01-28 10:55:40,154,125000
763,3,150000,2025-03-18 13:34:01,105,50000
763409,1,300000,2025-04-21 17:42:18,71,300000
765865,2,600000,2025-01-30 05:26:55,152,300000
766292,3,150000,2025-02-03 06:41:52,148,50000
768563,1,45000,2025-03-02 06:24:19,121,45000
768722,2,540000,2025-03-17 15:29:47,106,270000
770876,2,100000,2025-02-28 22:04:02,122,50000
770982,1,50000,2025-02-24 12:32:54,127,50000
772612,1,50000,2025-02-21 14:19:59,130,50000
778931,1,300000,2025-04-26 20:21:49,65,300000
779640,3,900000,2025-02-27 13:04:10,124,300000
781596,1,255000,2025-03-02 08:31:55,121,255000
785034,1,50000,2025-05-24 10:23:23,38,50000
793010,1,100000,2025-03-07 10:09:31,116,100000
79637,1,250000,2025-06-20 12:59:40,11,250000
800174,1,300000,2025-03-09 16:14:32,114,300000
808646,2,510000,2025-05-26 09:34:47,36,255000
814003,1,300000,2025-01-26 17:18:21,156,300000
81664,1,50000,2025-03-16 07:25:13,107,50000
8207,4,200000,2025-05-15 20:21:43,46,50000
823624,4,1200000,2025-01-26 07:44:16,156,300000
826461,1,300000,2025-03-02 06:08:16,121,300000
831672,1,300000,2025-01-10 00:44:10,172,300000
8343,6,300000,2025-02-13 09:13:23,138,50000
839481,1,50000,2025-02-17 06:13:17,134,50000
840437,2,500000,2025-05-06 13:38:44,56,250000
844494,1,100000,2025-04-17 07:41:54,75,100000
8469,3,150000,2025-04-04 05:11:49,88,50000
847,1,300000,2025-02-25 11:48:15,126,300000
856009,1,300000,2025-04-24 13:03:31,68,300000
8666,1,50000,2025-05-13 20:01:35,48,50000
867261,1,300000,2025-01-03 20:59:06,178,300000
874,4,200000,2025-03-17 16:51:04,106,50000
8758,5,1400000,2025-02-24 15:46:57,127,280000
878899,2,600000,2025-02-01 14:47:44,150,300000
88,7,350000,2025-02-25 15:25:19,126,50000
880308,1,300000,2025-01-09 19:28:30,173,300000
890539,3,900000,2025-04-18 14:49:36,74,300000
89357,2,100000,2025-03-07 15:08:06,116,50000
895487,1,300000,2025-01-19 17:27:58,163,300000
908711,8,2150000,2025-05-31 18:50:55,31,268750
935876,1,50000,2025-01-22 08:54:09,160,50000
94957,1,300000,2025-03-08 05:13:28,115,300000
95147,2,100000,2025-03-01 05:37:42,122,50000
963263,1,300000,2025-02-27 17:49:14,124,300000
965154,1,300000,2025-01-30 08:58:27,152,300000
968652,6,1075000,2025-02-03 13:40:13,148,179167
97494,3,650000,2025-03-07 00:09:40,116,216667
97790,1,50000,2025-03-02 05:17:03,121,50000
980778,4,200000,2025-02-23 05:08:43,128,50000
985775,1,50000,2025-01-29 09:51:55,153,50000
98740,1,249000,2025-01-01 15:40:04,181,249000
99405,5,545000,2025-02-14 18:58:58,137,109000
